USER,PID,%CPU,%MEM,VSZ,RSS,TTY,STAT,START,TIME,COMMAND
root,1,0.0,0.0,23892,14204,?,Ss,01:41,0:02,/sbin/init,splash
root,2,0.0,0.0,0,0,?,S,01:41,0:00,[kthreadd]
root,3,0.0,0.0,0,0,?,S,01:41,0:00,[pool_workqueue_release]
root,4,0.0,0.0,0,0,?,I<,01:41,0:00,[kworker/R-rcu_g]
root,5,0.0,0.0,0,0,?,I<,01:41,0:00,[kworker/R-rcu_p]
root,6,0.0,0.0,0,0,?,I<,01:41,0:00,[kworker/R-slub_]
root,7,0.0,0.0,0,0,?,I<,01:41,0:00,[kworker/R-netns]
root,10,0.0,0.0,0,0,?,I<,01:41,0:00,[kworker/0:0H-events_highpri]
root,12,0.0,0.0,0,0,?,I<,01:41,0:00,[kworker/R-mm_pe]
root,13,0.0,0.0,0,0,?,I,01:41,0:00,[rcu_tasks_kthread]
root,14,0.0,0.0,0,0,?,I,01:41,0:00,[rcu_tasks_rude_kthread]
root,15,0.0,0.0,0,0,?,I,01:41,0:00,[rcu_tasks_trace_kthread]
root,16,0.0,0.0,0,0,?,S,01:41,0:00,[ksoftirqd/0]
root,17,0.0,0.0,0,0,?,I,01:41,0:09,[rcu_preempt]
root,18,0.0,0.0,0,0,?,S,01:41,0:00,[migration/0]
root,19,0.0,0.0,0,0,?,S,01:41,0:00,[idle_inject/0]
root,20,0.0,0.0,0,0,?,S,01:41,0:00,[cpuhp/0]
root,21,0.0,0.0,0,0,?,S,01:41,0:00,[cpuhp/2]
root,22,0.0,0.0,0,0,?,S,01:41,0:00,[idle_inject/2]
root,23,0.0,0.0,0,0,?,S,01:41,0:00,[migration/2]
root,24,0.0,0.0,0,0,?,S,01:41,0:00,[ksoftirqd/2]
root,26,0.0,0.0,0,0,?,I<,01:41,0:00,[kworker/2:0H-events_highpri]
root,27,0.0,0.0,0,0,?,S,01:41,0:00,[cpuhp/4]
root,28,0.0,0.0,0,0,?,S,01:41,0:00,[idle_inject/4]
root,29,0.0,0.0,0,0,?,S,01:41,0:00,[migration/4]
root,30,0.0,0.0,0,0,?,S,01:41,0:00,[ksoftirqd/4]
root,31,0.0,0.0,0,0,?,I,01:41,0:00,[kworker/4:0-events]
root,32,0.0,0.0,0,0,?,I<,01:41,0:00,[kworker/4:0H-events_highpri]
root,33,0.0,0.0,0,0,?,S,01:41,0:00,[cpuhp/6]
root,34,0.0,0.0,0,0,?,S,01:41,0:00,[idle_inject/6]
root,35,0.0,0.0,0,0,?,S,01:41,0:00,[migration/6]
root,36,0.0,0.0,0,0,?,S,01:41,0:00,[ksoftirqd/6]
root,38,0.0,0.0,0,0,?,I<,01:41,0:00,[kworker/6:0H-events_highpri]
root,39,0.0,0.0,0,0,?,S,01:41,0:00,[cpuhp/8]
root,40,0.0,0.0,0,0,?,S,01:41,0:00,[idle_inject/8]
root,41,0.0,0.0,0,0,?,S,01:41,0:00,[migration/8]
root,42,0.0,0.0,0,0,?,S,01:41,0:00,[ksoftirqd/8]
root,44,0.0,0.0,0,0,?,I<,01:41,0:00,[kworker/8:0H-events_highpri]
root,45,0.0,0.0,0,0,?,S,01:41,0:00,[cpuhp/10]
root,46,0.0,0.0,0,0,?,S,01:41,0:00,[idle_inject/10]
root,47,0.0,0.0,0,0,?,S,01:41,0:00,[migration/10]
root,48,0.0,0.0,0,0,?,S,01:41,0:00,[ksoftirqd/10]
root,50,0.0,0.0,0,0,?,I<,01:41,0:00,[kworker/10:0H-events_highpri]
root,51,0.0,0.0,0,0,?,S,01:41,0:00,[cpuhp/12]
root,52,0.0,0.0,0,0,?,S,01:41,0:00,[idle_inject/12]
root,53,0.0,0.0,0,0,?,S,01:41,0:00,[migration/12]
root,54,0.0,0.0,0,0,?,S,01:41,0:00,[ksoftirqd/12]
root,56,0.0,0.0,0,0,?,I<,01:41,0:00,[kworker/12:0H-events_highpri]
root,57,0.0,0.0,0,0,?,S,01:41,0:00,[cpuhp/14]
root,58,0.0,0.0,0,0,?,S,01:41,0:00,[idle_inject/14]
root,59,0.0,0.0,0,0,?,S,01:41,0:00,[migration/14]
root,60,0.0,0.0,0,0,?,S,01:41,0:00,[ksoftirqd/14]
root,62,0.0,0.0,0,0,?,I<,01:41,0:00,[kworker/14:0H-events_highpri]
root,63,0.0,0.0,0,0,?,S,01:41,0:00,[cpuhp/1]
root,64,0.0,0.0,0,0,?,S,01:41,0:00,[idle_inject/1]
root,65,0.0,0.0,0,0,?,S,01:41,0:00,[migration/1]
root,66,0.0,0.0,0,0,?,S,01:41,0:00,[ksoftirqd/1]
root,68,0.0,0.0,0,0,?,I<,01:41,0:00,[kworker/1:0H-events_highpri]
root,69,0.0,0.0,0,0,?,S,01:41,0:00,[cpuhp/3]
root,70,0.0,0.0,0,0,?,S,01:41,0:00,[idle_inject/3]
root,71,0.0,0.0,0,0,?,S,01:41,0:00,[migration/3]
root,72,0.0,0.0,0,0,?,S,01:41,0:00,[ksoftirqd/3]
root,74,0.0,0.0,0,0,?,I<,01:41,0:00,[kworker/3:0H-events_highpri]
root,75,0.0,0.0,0,0,?,S,01:41,0:00,[cpuhp/5]
root,76,0.0,0.0,0,0,?,S,01:41,0:00,[idle_inject/5]
root,77,0.0,0.0,0,0,?,S,01:41,0:00,[migration/5]
root,78,0.0,0.0,0,0,?,S,01:41,0:00,[ksoftirqd/5]
root,80,0.0,0.0,0,0,?,I<,01:41,0:00,[kworker/5:0H-events_highpri]
root,81,0.0,0.0,0,0,?,S,01:41,0:00,[cpuhp/7]
root,82,0.0,0.0,0,0,?,S,01:41,0:00,[idle_inject/7]
root,83,0.0,0.0,0,0,?,S,01:41,0:00,[migration/7]
root,84,0.0,0.0,0,0,?,S,01:41,0:00,[ksoftirqd/7]
root,86,0.0,0.0,0,0,?,I<,01:41,0:00,[kworker/7:0H-events_highpri]
root,87,0.0,0.0,0,0,?,S,01:41,0:00,[cpuhp/9]
root,88,0.0,0.0,0,0,?,S,01:41,0:00,[idle_inject/9]
root,89,0.0,0.0,0,0,?,S,01:41,0:00,[migration/9]
root,90,0.0,0.0,0,0,?,S,01:41,0:00,[ksoftirqd/9]
root,92,0.0,0.0,0,0,?,I<,01:41,0:00,[kworker/9:0H-events_highpri]
root,93,0.0,0.0,0,0,?,S,01:41,0:00,[cpuhp/11]
root,94,0.0,0.0,0,0,?,S,01:41,0:00,[idle_inject/11]
root,95,0.0,0.0,0,0,?,S,01:41,0:00,[migration/11]
root,96,0.0,0.0,0,0,?,S,01:41,0:00,[ksoftirqd/11]
root,98,0.0,0.0,0,0,?,I<,01:41,0:00,[kworker/11:0H-events_highpri]
root,99,0.0,0.0,0,0,?,S,01:41,0:00,[cpuhp/13]
root,100,0.0,0.0,0,0,?,S,01:41,0:00,[idle_inject/13]
root,101,0.0,0.0,0,0,?,S,01:41,0:00,[migration/13]
root,102,0.0,0.0,0,0,?,S,01:41,0:00,[ksoftirqd/13]
root,104,0.0,0.0,0,0,?,I<,01:41,0:00,[kworker/13:0H-events_highpri]
root,105,0.0,0.0,0,0,?,S,01:41,0:00,[cpuhp/15]
root,106,0.0,0.0,0,0,?,S,01:41,0:00,[idle_inject/15]
root,107,0.0,0.0,0,0,?,S,01:41,0:00,[migration/15]
root,108,0.0,0.0,0,0,?,S,01:41,0:00,[ksoftirqd/15]
root,110,0.0,0.0,0,0,?,I<,01:41,0:00,[kworker/15:0H-events_highpri]
root,111,0.0,0.0,0,0,?,S,01:41,0:00,[kdevtmpfs]
root,112,0.0,0.0,0,0,?,I<,01:41,0:00,[kworker/R-inet_]
root,114,0.0,0.0,0,0,?,S,01:41,0:00,[kauditd]
root,115,0.0,0.0,0,0,?,S,01:41,0:00,[khungtaskd]
root,116,0.0,0.0,0,0,?,S,01:41,0:00,[oom_reaper]
root,118,0.0,0.0,0,0,?,I<,01:41,0:00,[kworker/R-write]
root,119,0.0,0.0,0,0,?,S,01:41,0:00,[kcompactd0]
root,120,0.0,0.0,0,0,?,SN,01:41,0:00,[ksmd]
root,122,0.0,0.0,0,0,?,SN,01:41,0:00,[khugepaged]
root,123,0.0,0.0,0,0,?,I<,01:41,0:00,[kworker/R-kinte]
root,124,0.0,0.0,0,0,?,I<,01:41,0:00,[kworker/R-kbloc]
root,125,0.0,0.0,0,0,?,I<,01:41,0:00,[kworker/R-blkcg]
root,126,0.0,0.0,0,0,?,S,01:41,0:00,[irq/9-acpi]
root,128,0.0,0.0,0,0,?,I<,01:41,0:00,[kworker/R-tpm_d]
root,129,0.0,0.0,0,0,?,I<,01:41,0:00,[kworker/R-ata_s]
root,130,0.0,0.0,0,0,?,I<,01:41,0:00,[kworker/R-md]
root,131,0.0,0.0,0,0,?,I<,01:41,0:00,[kworker/R-md_bi]
root,132,0.0,0.0,0,0,?,I<,01:41,0:00,[kworker/R-edac-]
root,133,0.0,0.0,0,0,?,I<,01:41,0:00,[kworker/R-devfr]
root,134,0.0,0.0,0,0,?,S,01:41,0:00,[watchdogd]
root,135,0.0,0.0,0,0,?,I<,01:41,0:00,[kworker/14:1H-kblockd]
root,136,0.0,0.0,0,0,?,S,01:41,0:00,[irq/25-AMD-Vi0-Evt]
root,137,0.0,0.0,0,0,?,S,01:41,0:00,[irq/26-AMD-Vi0-PPR]
root,138,0.0,0.0,0,0,?,S,01:41,0:00,[irq/27-AMD-Vi0-GA]
root,140,0.0,0.0,0,0,?,S,01:41,0:00,[kswapd0]
root,141,0.0,0.0,0,0,?,S,01:41,0:00,[ecryptfs-kthread]
root,142,0.0,0.0,0,0,?,I<,01:41,0:00,[kworker/R-kthro]
root,143,0.0,0.0,0,0,?,I,01:41,0:00,[kworker/2:1-mm_percpu_wq]
root,150,0.0,0.0,0,0,?,I,01:41,0:00,[kworker/9:1-mm_percpu_wq]
root,155,0.0,0.0,0,0,?,I<,01:41,0:00,[kworker/R-acpi_]
root,156,0.0,0.0,0,0,?,I,01:41,0:00,[kworker/14:2-cgroup_destroy]
root,157,0.0,0.0,0,0,?,I<,01:41,0:00,[kworker/R-mld]
root,158,0.0,0.0,0,0,?,I<,01:41,0:00,[kworker/R-ipv6_]
root,160,0.0,0.0,0,0,?,I<,01:41,0:00,[kworker/15:1H-kblockd]
root,166,0.0,0.0,0,0,?,I<,01:41,0:00,[kworker/R-kstrp]
root,181,0.0,0.0,0,0,?,I<,01:41,0:00,[kworker/R-charg]
root,182,0.0,0.0,0,0,?,S,01:41,0:00,[irq/28-ACPI:Event]
root,183,0.0,0.0,0,0,?,S,01:41,0:00,[irq/29-ACPI:Event]
root,184,0.0,0.0,0,0,?,S,01:41,0:00,[irq/30-ACPI:Event]
root,185,0.0,0.0,0,0,?,S,01:41,0:00,[irq/31-ACPI:Event]
root,186,0.0,0.0,0,0,?,S,01:41,0:00,[irq/32-ACPI:Event]
root,187,0.0,0.0,0,0,?,S,01:41,0:00,[irq/33-ACPI:Event]
root,188,0.0,0.0,0,0,?,S,01:41,0:00,[irq/34-ACPI:Event]
root,189,0.0,0.0,0,0,?,S,01:41,0:00,[irq/35-ACPI:Event]
root,212,0.0,0.0,0,0,?,I<,01:41,0:00,[kworker/13:1H-kblockd]
root,216,0.0,0.0,0,0,?,I<,01:41,0:00,[kworker/0:1H-kblockd]
root,217,0.0,0.0,0,0,?,I<,01:41,0:00,[kworker/2:1H-kblockd]
root,238,0.0,0.0,0,0,?,I<,01:41,0:00,[kworker/10:1H-kblockd]
root,239,0.0,0.0,0,0,?,I<,01:41,0:00,[kworker/8:1H-kblockd]
root,250,0.0,0.0,0,0,?,I<,01:41,0:00,[kworker/12:1H-kblockd]
root,251,0.0,0.0,0,0,?,I<,01:41,0:00,[kworker/11:1H-kblockd]
root,253,0.0,0.0,0,0,?,I<,01:41,0:00,[kworker/6:1H-kblockd]
root,254,0.0,0.0,0,0,?,I<,01:41,0:00,[kworker/3:1H-kblockd]
root,255,0.0,0.0,0,0,?,I<,01:41,0:00,[kworker/5:1H-kblockd]
root,256,0.0,0.0,0,0,?,I<,01:41,0:00,[kworker/7:1H-kblockd]
root,257,0.0,0.0,0,0,?,I<,01:41,0:00,[kworker/9:1H-kblockd]
root,259,0.0,0.0,0,0,?,I<,01:41,0:00,[kworker/4:1H-kblockd]
root,261,0.0,0.0,0,0,?,S,01:41,0:04,[irq/39-ELAN074E:00]
root,263,0.0,0.0,0,0,?,I<,01:41,0:00,[kworker/1:1H-kblockd]
root,339,0.0,0.0,0,0,?,I<,01:41,0:00,[kworker/R-nvme-]
root,340,0.0,0.0,0,0,?,I<,01:41,0:00,[kworker/R-nvme-]
root,341,0.0,0.0,0,0,?,I<,01:41,0:00,[kworker/R-nvme-]
root,342,0.0,0.0,0,0,?,I<,01:41,0:00,[kworker/R-nvme-]
root,401,0.0,0.0,0,0,?,I<,01:41,0:00,[kworker/R-USBC0]
root,429,0.0,0.0,0,0,?,S,01:41,0:00,[jbd2/nvme0n1p2-8]
root,430,0.0,0.0,0,0,?,I<,01:41,0:00,[kworker/R-ext4-]
root,440,0.0,0.0,0,0,?,I,01:41,0:00,[kworker/12:2-mm_percpu_wq]
root,487,0.0,0.1,67284,19212,?,S<s,01:41,0:01,/usr/lib/systemd/systemd-journald
root,577,0.0,0.0,30848,8832,?,Ss,01:41,0:00,/usr/lib/systemd/systemd-udevd
root,653,0.0,0.0,0,0,?,S,01:41,0:00,[psimon]
root,726,0.0,0.0,0,0,?,I,01:41,0:00,[kworker/15:2-cgroup_destroy]
root,751,0.0,0.0,0,0,?,I<,01:41,0:00,[kworker/R-crypt]
root,872,0.0,0.0,0,0,?,I<,01:41,0:00,[kworker/R-cfg80]
root,979,0.0,0.0,0,0,?,S,01:41,0:35,[irq/76-rtw89_pci]
root,1014,0.0,0.0,0,0,?,I<,01:41,0:00,[kworker/R-amdgp]
root,1119,0.0,0.0,0,0,?,I<,01:41,0:00,[kworker/R-ttm]
systemd+,1163,0.0,0.0,17556,7424,?,Ss,01:41,0:02,/usr/lib/systemd/systemd-oomd
systemd+,1172,0.0,0.0,21848,12032,?,Ss,01:41,0:00,/usr/lib/systemd/systemd-resolved
systemd+,1175,0.0,0.0,91044,7552,?,Ssl,01:41,0:00,/usr/lib/systemd/systemd-timesyncd
root,1284,0.0,0.0,313368,7356,?,Ssl,01:41,0:00,/usr/libexec/accounts-daemon
avahi,1287,0.0,0.0,8764,4096,?,Ss,01:41,0:00,avahi-daemon:,running,[x1b3d3adsPC.local]
root,1288,0.0,0.0,13672,6528,?,Ss,01:41,0:00,/usr/libexec/bluetooth/bluetoothd
root,1289,0.0,0.0,9424,2688,?,Ss,01:41,0:00,/usr/sbin/cron,-f,-P
message+,1290,0.0,0.0,12416,6784,?,Ss,01:41,0:03,@dbus-daemon,--system,--address=systemd:,--nofork,--nopidfile,--systemd-activation,--syslog-only
gnome-r+,1293,0.0,0.1,439064,15936,?,Ssl,01:41,0:00,/usr/libexec/gnome-remote-desktop-daemon,--system
polkitd,1298,0.0,0.0,390976,11420,?,Ssl,01:41,0:00,/usr/lib/polkit-1/polkitd,--no-debug
root,1300,0.0,0.0,313632,7744,?,Ssl,01:42,0:00,/usr/libexec/power-profiles-daemon
root,1306,0.0,0.2,2805820,34420,?,Ssl,01:42,0:03,/usr/lib/snapd/snapd
root,1310,0.0,0.0,309788,6528,?,Ssl,01:42,0:00,/usr/libexec/switcheroo-control
root,1316,0.0,0.0,18180,8988,?,Ss,01:42,0:01,/usr/lib/systemd/systemd-logind
root,1319,0.0,0.0,470184,14100,?,Ssl,01:42,0:00,/usr/libexec/udisks2/udisksd
avahi,1322,0.0,0.0,8420,1284,?,S,01:42,0:00,avahi-daemon:,chroot,helper
root,1342,0.0,0.2,467660,33424,?,Ssl,01:42,0:00,/opt/cisco/anyconnect/bin/vpnagentd,-execv_instance
syslog,1374,0.0,0.0,222508,5888,?,Ssl,01:42,0:00,/usr/sbin/rsyslogd,-n,-iNONE
root,1389,0.0,0.1,337888,20072,?,Ssl,01:42,0:03,/usr/sbin/NetworkManager,--no-daemon
root,1391,0.0,0.0,18384,11136,?,Ss,01:42,0:07,/usr/sbin/wpa_supplicant,-u,-s,-O,DIR=/run/wpa_supplicant,GROUP=netdev
root,1433,0.0,0.0,318448,12476,?,Ssl,01:42,0:00,/usr/sbin/ModemManager
root,1528,0.0,0.0,0,0,?,I,01:42,0:00,[kworker/10:2-events]
root,1542,0.0,0.0,0,0,?,I<,01:42,0:00,[kworker/R-amdgp]
root,1543,0.0,0.0,0,0,?,I<,01:42,0:00,[kworker/R-amdgp]
root,1544,0.0,0.0,0,0,?,I<,01:42,0:00,[kworker/R-amdgp]
root,1545,0.0,0.0,0,0,?,I<,01:42,0:00,[kworker/R-dm_vb]
root,1593,0.0,0.0,0,0,?,S,01:42,0:00,[card1-crtc0]
root,1594,0.0,0.0,0,0,?,S,01:42,0:00,[card1-crtc1]
root,1595,0.0,0.0,0,0,?,S,01:42,0:00,[card1-crtc2]
root,1596,0.0,0.0,0,0,?,S,01:42,0:00,[card1-crtc3]
root,1777,0.0,0.0,0,0,?,S,01:42,0:00,[psimon]
root,1859,0.0,0.0,137400,12888,?,Ss,01:42,0:00,/usr/sbin/cupsd,-l
root,1866,0.0,0.0,2892,1536,?,Ss,01:42,0:00,/bin/sh,/snap/cups/1058/scripts/run-cups-browsed
root,1867,0.0,0.0,2892,1408,?,Ss,01:42,0:00,/bin/sh,/snap/cups/1058/scripts/run-cupsd
root,1869,0.0,0.1,112232,22908,?,Ssl,01:42,0:00,/usr/bin/python3,/usr/share/unattended-upgrades/unattended-upgrade-shutdown,--wait-for-signal
root,1877,0.0,0.2,2688260,44632,?,Ssl,01:42,0:05,/usr/bin/containerd
root,1920,0.0,0.0,380064,7148,?,SLsl,01:42,0:00,/usr/sbin/lightdm
colord,1938,0.0,0.0,320216,14220,?,Ssl,01:42,0:00,/usr/libexec/colord
root,1957,0.0,0.1,209444,20372,?,Ss,01:42,0:00,/usr/sbin/apache2,-k,start
www-data,1961,0.0,0.0,210188,10048,?,S,01:42,0:00,/usr/sbin/apache2,-k,start
www-data,1962,0.0,0.0,210188,10048,?,S,01:42,0:00,/usr/sbin/apache2,-k,start
www-data,1963,0.0,0.0,210188,10048,?,S,01:42,0:00,/usr/sbin/apache2,-k,start
www-data,1964,0.0,0.0,210188,10048,?,S,01:42,0:00,/usr/sbin/apache2,-k,start
www-data,1965,0.0,0.0,210188,10048,?,S,01:42,0:00,/usr/sbin/apache2,-k,start
mysql,1989,0.1,2.5,2375820,396280,?,Ssl,01:42,0:45,/usr/sbin/mysqld
root,2075,0.0,0.0,69180,13184,?,S,01:42,0:00,cupsd,-f,-s,/var/snap/cups/common/etc/cups/cups-files.conf,-c,/var/snap/cups/common/etc/cups/cupsd.conf
root,2076,0.0,0.0,241736,9984,?,Sl,01:42,0:00,cups-proxyd,/var/snap/cups/common/run/cups.sock,/run/cups/cups.sock,-l,--logdir,/var/snap/cups/1058/var/log
root,2095,0.5,0.9,1202080,151172,tty7,Ssl+,01:42,3:53,/usr/lib/xorg/Xorg,-core,:0,-seat,seat0,-auth,/var/run/lightdm/root/:0,-nolisten,tcp,vt7,-novtswitch
root,2098,0.0,0.0,8704,1920,tty1,Ss+,01:42,0:00,/sbin/agetty,-o,-p,--,\u,--noclear,-,linux
root,2137,0.0,0.0,2892,768,?,S,01:42,0:00,/bin/sh,/snap/cups/1058/scripts/run-cups-browsed
rtkit,2208,0.0,0.0,22940,3328,?,SNsl,01:42,0:00,/usr/libexec/rtkit-daemon
root,2285,0.0,0.0,0,0,?,S<,01:42,0:00,[krfcommd]
root,2394,0.0,0.0,317524,9600,?,Ssl,01:42,0:00,/usr/libexec/upowerd
root,2420,0.0,0.0,234784,8600,?,Sl,01:42,0:00,lightdm,--session-child,13,20
x1b3d3ad,2477,0.0,0.0,21732,12928,?,Ss,01:42,0:00,/usr/lib/systemd/systemd,--user
x1b3d3ad,2478,0.0,0.0,21400,3524,?,S,01:42,0:00,(sd-pam)
x1b3d3ad,2488,0.0,0.1,118044,16676,?,S<sl,01:42,0:11,/usr/bin/pipewire
x1b3d3ad,2489,0.0,0.0,97736,5760,?,Ssl,01:42,0:00,/usr/bin/pipewire,-c,filter-chain.conf
x1b3d3ad,2492,0.0,0.1,406100,17408,?,S<sl,01:42,0:00,/usr/bin/wireplumber
x1b3d3ad,2493,0.0,0.1,127948,24124,?,S<sl,01:42,0:20,/usr/bin/pipewire-pulse
x1b3d3ad,2494,0.0,0.0,537848,9984,?,SLsl,01:42,0:00,/usr/bin/gnome-keyring-daemon,--foreground,--components=pkcs11,secrets,--control-directory=/run/user/1000/keyring
x1b3d3ad,2506,0.0,0.0,10768,6144,?,Ss,01:42,0:01,/usr/bin/dbus-daemon,--session,--address=systemd:,--nofork,--nopidfile,--systemd-activation,--syslog-only
x1b3d3ad,2529,0.0,0.0,685056,7168,?,Ssl,01:42,0:00,/usr/libexec/xdg-document-portal
x1b3d3ad,2540,0.0,0.0,309312,5888,?,Ssl,01:42,0:00,/usr/libexec/xdg-permission-store
root,2549,0.0,0.0,2704,1920,?,Ss,01:42,0:00,fusermount3,-o,rw,nosuid,nodev,fsname=portal,auto_unmount,subtype=portal,--,/run/user/1000/doc
x1b3d3ad,2558,0.0,0.1,298196,16128,?,Ssl,01:42,0:00,/usr/libexec/gnome-session-binary,--session=ubuntu
x1b3d3ad,2677,0.0,0.0,383052,7808,?,Ssl,01:42,0:00,/usr/libexec/at-spi-bus-launcher
x1b3d3ad,2684,0.0,0.0,9552,4864,?,S,01:42,0:00,/usr/bin/dbus-daemon,--config-file=/usr/share/defaults/at-spi2/accessibility.conf,--nofork,--print-address,11,--address=unix:path=/run/user/1000/at-spi/bus_0
x1b3d3ad,2702,0.0,0.0,162652,6784,?,Ssl,01:42,0:00,/usr/libexec/gcr-ssh-agent,--base-dir,/run/user/1000/gcr
x1b3d3ad,2703,0.0,0.0,91548,5504,?,Ssl,01:42,0:00,/usr/libexec/gnome-session-ctl,--monitor
x1b3d3ad,2718,0.0,0.0,314276,7680,?,Ssl,01:42,0:00,/usr/libexec/gvfsd
x1b3d3ad,2726,0.0,0.0,459712,7040,?,Sl,01:42,0:00,/usr/libexec/gvfsd-fuse,/run/user/1000/gvfs,-f
x1b3d3ad,2729,0.0,0.1,520672,17920,?,Ssl,01:42,0:00,/usr/libexec/gnome-session-binary,--systemd-service,--session=ubuntu
x1b3d3ad,2772,0.5,2.2,5006872,347376,?,Ssl,01:42,3:51,/usr/bin/gnome-shell
x1b3d3ad,2801,0.0,0.7,1551996,113544,?,Sl,01:42,0:02,/usr/libexec/mutter-x11-frames
x1b3d3ad,2804,0.0,0.0,236052,8192,?,Sl,01:42,0:00,/usr/libexec/at-spi2-registryd,--use-gnome-session
x1b3d3ad,2844,0.0,0.1,656032,21156,?,Sl,01:42,0:00,/usr/libexec/gnome-shell-calendar-server
x1b3d3ad,2851,0.0,0.2,1258168,41600,?,Ssl,01:42,0:00,/usr/libexec/evolution-source-registry
x1b3d3ad,2854,0.0,0.0,230556,6144,?,Ssl,01:42,0:00,/usr/libexec/dconf-service
x1b3d3ad,2869,0.0,0.1,2793668,26280,?,Sl,01:42,0:00,/usr/bin/gjs,-m,/usr/share/gnome-shell/org.gnome.Shell.Notifications
x1b3d3ad,2887,0.0,0.0,388684,11772,?,Ssl,01:42,0:06,/usr/bin/ibus-daemon,--panel,disable,--xim
x1b3d3ad,2889,0.0,0.0,383632,6272,?,Ssl,01:42,0:00,/usr/libexec/gsd-a11y-settings
x1b3d3ad,2893,0.0,0.1,415652,24440,?,Ssl,01:42,0:00,/usr/libexec/gsd-color
x1b3d3ad,2894,0.0,0.0,431768,11776,?,Ssl,01:42,0:00,/usr/libexec/gsd-datetime
x1b3d3ad,2895,0.0,0.0,459360,7424,?,Ssl,01:42,0:00,/usr/libexec/gsd-housekeeping
x1b3d3ad,2897,0.0,0.1,414400,23936,?,Ssl,01:42,0:00,/usr/libexec/gsd-keyboard
x1b3d3ad,2899,0.0,0.1,744340,29584,?,Ssl,01:42,0:00,/usr/libexec/gsd-media-keys
x1b3d3ad,2902,0.0,0.1,595544,29888,?,Ssl,01:42,0:00,/usr/libexec/gsd-power
x1b3d3ad,2904,0.0,0.0,323780,11264,?,Ssl,01:42,0:00,/usr/libexec/gsd-print-notifications
x1b3d3ad,2905,0.0,0.0,531084,5760,?,Ssl,01:42,0:00,/usr/libexec/gsd-rfkill
x1b3d3ad,2907,0.0,0.0,309560,5888,?,Ssl,01:42,0:00,/usr/libexec/gsd-screensaver-proxy
x1b3d3ad,2909,0.0,0.0,543568,11520,?,Ssl,01:42,0:01,/usr/libexec/gsd-sharing
x1b3d3ad,2912,0.0,0.0,385932,7808,?,Ssl,01:42,0:00,/usr/libexec/gsd-smartcard
x1b3d3ad,2914,0.0,0.0,393620,9344,?,Ssl,01:42,0:00,/usr/libexec/gsd-sound
x1b3d3ad,2915,0.0,0.1,341288,24608,?,Ssl,01:42,0:00,/usr/libexec/gsd-wacom
x1b3d3ad,2916,0.0,0.1,418092,27768,?,Ssl,01:42,0:00,/usr/libexec/gsd-xsettings
x1b3d3ad,2952,0.0,0.0,389568,10752,?,Ssl,01:42,0:00,/usr/libexec/gvfs-udisks2-volume-monitor
x1b3d3ad,2964,0.0,0.4,809108,64760,?,Sl,01:42,0:00,/usr/libexec/evolution-data-server/evolution-alarm-notify
x1b3d3ad,2990,0.0,0.0,387628,7680,?,Sl,01:42,0:00,/usr/lib/x86_64-linux-gnu/indicator-messages/indicator-messages-service
x1b3d3ad,2995,0.0,0.0,305492,7808,?,Sl,01:42,0:00,/usr/libexec/gsd-disk-utility-notify
x1b3d3ad,3031,0.0,0.1,546756,23680,?,Sl,01:42,0:00,/usr/libexec/goa-daemon
x1b3d3ad,3033,0.0,2.7,2430612,425040,?,Sl,01:42,0:38,/usr/bin/gnome-software,--gapplication-service
x1b3d3ad,3055,0.0,0.0,310496,6912,?,Sl,01:42,0:00,/usr/libexec/ibus-dconf
x1b3d3ad,3063,0.0,0.2,347964,31536,?,Sl,01:42,0:02,/usr/libexec/ibus-extension-gtk3
x1b3d3ad,3071,0.0,0.1,267228,24512,?,Sl,01:42,0:00,/usr/libexec/ibus-x11,--kill-daemon
x1b3d3ad,3081,0.0,0.0,310428,6912,?,Sl,01:42,0:00,/usr/libexec/ibus-portal
x1b3d3ad,3120,0.0,0.0,389128,8704,?,Sl,01:42,0:00,/usr/libexec/goa-identity-service
x1b3d3ad,3123,0.0,0.0,416208,14720,?,Sl,01:42,0:00,/usr/libexec/gsd-printer
x1b3d3ad,3125,0.0,0.0,310888,6656,?,Ssl,01:42,0:00,/usr/libexec/gvfs-gphoto2-volume-monitor
x1b3d3ad,3157,0.0,0.6,877988,101640,?,Sl,01:42,0:02,/snap/snap-store/1113/usr/bin/snap-store,--gapplication-service
x1b3d3ad,3170,0.0,0.0,309920,6400,?,Ssl,01:42,0:00,/usr/libexec/gvfs-mtp-volume-monitor
x1b3d3ad,3197,0.0,0.1,1366476,27276,?,Ssl,01:42,0:00,/usr/libexec/evolution-calendar-factory
x1b3d3ad,3224,0.0,0.0,309772,6144,?,Ssl,01:42,0:00,/usr/libexec/gvfs-goa-volume-monitor
x1b3d3ad,3247,0.0,0.0,389376,7808,?,Ssl,01:42,0:00,/usr/libexec/gvfs-afc-volume-monitor
x1b3d3ad,3262,0.0,0.1,833716,29440,?,Ssl,01:42,0:00,/usr/libexec/evolution-addressbook-factory
x1b3d3ad,3304,0.0,0.0,628032,14392,?,Ssl,01:42,0:00,/usr/libexec/xdg-desktop-portal
x1b3d3ad,3322,0.0,0.1,2859168,26292,?,Sl,01:42,0:00,/usr/bin/gjs,-m,/usr/share/gnome-shell/org.gnome.ScreenSaver
x1b3d3ad,3338,0.0,0.2,820212,37180,?,SNsl,01:42,0:01,/usr/libexec/tracker-miner-fs-3
x1b3d3ad,3343,0.0,0.6,1742304,98992,?,Ssl,01:42,0:00,/usr/libexec/xdg-desktop-portal-gnome
x1b3d3ad,3348,0.0,0.0,236772,7040,?,Sl,01:42,0:01,/usr/libexec/ibus-engine-simple
x1b3d3ad,3471,0.0,0.0,39000,11904,?,Ss,01:42,0:00,/snap/snapd-desktop-integration/178/usr/bin/snapd-desktop-integration
x1b3d3ad,3522,0.0,0.5,992744,92900,?,Sl,01:42,0:00,/snap/snapd-desktop-integration/178/usr/bin/snapd-desktop-integration
x1b3d3ad,3526,0.0,0.1,609444,17408,?,Sl,01:42,0:00,/usr/libexec/gvfsd-trash,--spawner,:1.24,/org/gtk/gvfs/exec_spaw/0
x1b3d3ad,3536,0.0,0.1,416680,26704,?,Ssl,01:42,0:00,/usr/libexec/xdg-desktop-portal-gtk
root,3596,0.0,0.2,484044,44692,?,Ssl,01:42,0:01,/usr/libexec/fwupd/fwupd
x1b3d3ad,3603,0.0,0.4,3208248,63828,?,Sl,01:42,0:03,gjs,/usr/share/gnome-shell/extensions/ding@rastersoft.com/app/ding.js,-E,-P,/usr/share/gnome-shell/extensions/ding@rastersoft.com/app
x1b3d3ad,3673,0.0,0.0,236304,6144,?,Ssl,01:42,0:00,/usr/libexec/gvfsd-metadata
cups-br+,3815,0.0,0.1,342324,20096,?,Ssl,01:42,0:00,/usr/sbin/cups-browsed
root,3816,0.0,0.5,3762880,80660,?,Ssl,01:42,0:00,/usr/bin/dockerd,-H,fd://,--containerd=/run/containerd/containerd.sock
kernoops,3818,0.0,0.0,12744,2056,?,Ss,01:42,0:00,/usr/sbin/kerneloops,--test
kernoops,3821,0.0,0.0,12744,2196,?,Ss,01:42,0:00,/usr/sbin/kerneloops
root,4375,0.0,0.0,0,0,?,I,01:42,0:00,[kworker/1:3-events]
x1b3d3ad,4799,0.0,0.7,1874512,119048,?,Sl,01:42,0:00,/usr/bin/gnome-calendar,--gapplication-service
x1b3d3ad,5019,5.5,4.4,12514368,696736,?,Sl,01:42,38:44,/snap/firefox/4793/usr/lib/firefox/firefox
x1b3d3ad,5199,0.0,0.3,209056,53376,?,Sl,01:42,0:00,/snap/firefox/4793/usr/lib/firefox/firefox,-contentproc,-parentBuildID,20240819223648,-prefsLen,39569,-prefMapSize,261944,-appDir,/snap/firefox/4793/usr/lib/firefox/browser,{3e8bac3f-769b-44b9-a942-b03aba3dbd72},5019,true,socket
x1b3d3ad,5230,0.0,0.9,2494204,141328,?,Sl,01:42,0:04,/snap/firefox/4793/usr/lib/firefox/firefox,-contentproc,-childID,1,-isForBrowser,-prefsLen,39645,-prefMapSize,261944,-jsInitLen,234852,-parentBuildID,20240819223648,-greomni,/snap/firefox/4793/usr/lib/firefox/omni.ja,-appomni,/snap/firefox/4793/usr/lib/firefox/browser/omni.ja,-appDir,/snap/firefox/4793/usr/lib/firefox/browser,{0522c34d-f698-4532-804e-022b698cab0e},5019,true,tab
x1b3d3ad,5271,0.0,0.1,1983844,19880,?,Sl,01:42,0:00,/usr/bin/snap,userd
x1b3d3ad,5350,0.1,1.5,19782772,241764,?,Sl,01:42,1:14,/snap/firefox/4793/usr/lib/firefox/firefox,-contentproc,-childID,2,-isForBrowser,-prefsLen,44208,-prefMapSize,261944,-jsInitLen,234852,-parentBuildID,20240819223648,-greomni,/snap/firefox/4793/usr/lib/firefox/omni.ja,-appomni,/snap/firefox/4793/usr/lib/firefox/browser/omni.ja,-appDir,/snap/firefox/4793/usr/lib/firefox/browser,{f67d3745-83c1-41f3-b27a-6b7ab835c4a1},5019,true,tab
x1b3d3ad,5469,0.1,0.3,348524,62752,?,Sl,01:42,1:04,/snap/firefox/4793/usr/lib/firefox/firefox,-contentproc,-parentBuildID,20240819223648,-sandboxingKind,0,-prefsLen,44186,-prefMapSize,261944,-appDir,/snap/firefox/4793/usr/lib/firefox/browser,{f8916d26-4d5b-4a84-9e40-f8160d73a418},5019,true,utility
lp,5707,0.0,0.0,16840,6784,?,S,01:42,0:00,/usr/lib/cups/notifier/dbus,dbus://
lp,5708,0.0,0.0,16840,6784,?,S,01:42,0:00,/usr/lib/cups/notifier/dbus,dbus://
x1b3d3ad,5890,1.0,0.4,420228,63884,?,Sl,01:42,6:56,/snap/firefox/4793/usr/lib/firefox/firefox,-contentproc,-parentBuildID,20240819223648,-prefsLen,44454,-prefMapSize,261944,-appDir,/snap/firefox/4793/usr/lib/firefox/browser,{e6954716-db3a-4ab7-b310-5d1204fb19ad},5019,true,rdd
x1b3d3ad,6078,0.0,0.2,567576,32460,?,Sl,01:43,0:00,/usr/bin/update-notifier
root,7917,0.0,0.0,0,0,?,I,01:50,0:00,[kworker/9:0-events]
root,10987,0.0,0.0,0,0,?,I,02:11,0:00,[kworker/7:0-mm_percpu_wq]
root,12743,0.0,0.0,0,0,?,I,02:19,0:00,[kworker/11:1-mm_percpu_wq]
root,12863,0.0,0.0,0,0,?,I,02:23,0:00,[kworker/3:0-mm_percpu_wq]
root,13226,0.0,0.0,0,0,?,I,02:29,0:00,[kworker/13:0-mm_percpu_wq]
root,13604,0.0,0.0,0,0,?,I,02:42,0:08,[kworker/u32:3-events_unbound]
x1b3d3ad,13842,0.1,1.5,2884184,240660,?,Sl,02:51,0:44,/snap/firefox/4793/usr/lib/firefox/firefox,-contentproc,-childID,34,-isForBrowser,-prefsLen,34780,-prefMapSize,261944,-jsInitLen,234852,-parentBuildID,20240819223648,-greomni,/snap/firefox/4793/usr/lib/firefox/omni.ja,-appomni,/snap/firefox/4793/usr/lib/firefox/browser/omni.ja,-appDir,/snap/firefox/4793/usr/lib/firefox/browser,{c3b1fd59-7305-4d4e-90a1-dc09dc51fa39},5019,true,tab
root,14107,0.0,0.0,0,0,?,I,02:58,0:00,[kworker/6:0-events]
root,14337,0.0,0.0,0,0,?,I,03:07,0:00,[kworker/0:0-rcu_gp]
root,14362,0.0,0.0,0,0,?,I<,03:08,0:00,[kworker/u33:1-rtw89_tx_wq]
root,14581,0.0,0.0,0,0,?,I,03:18,0:00,[kworker/8:0-mm_percpu_wq]
root,14609,0.0,0.0,0,0,?,I,03:19,0:00,[kworker/14:1-events]
root,14662,0.2,0.0,0,0,?,I,12:52,0:03,[kworker/u32:45-events_power_efficient]
root,14667,0.0,0.0,0,0,?,I,12:52,0:00,[kworker/4:2-events]
root,14955,0.0,0.0,0,0,?,I,12:52,0:00,[kworker/5:2-mm_percpu_wq]
root,14974,0.0,0.0,0,0,?,I,12:52,0:00,[kworker/1:0-events]
root,14978,0.0,0.0,0,0,?,I,12:52,0:00,[kworker/3:2-inet_frag_wq]
root,14988,0.0,0.0,0,0,?,I,12:52,0:00,[kworker/12:1]
root,15813,0.0,0.0,0,0,?,I,12:52,0:00,[kworker/15:3-events]
x1b3d3ad,17382,1.4,1.4,1187162412,231460,?,SLsl,12:53,0:19,/usr/share/code/code,./
x1b3d3ad,17387,0.0,0.2,34048640,46848,?,S,12:53,0:00,/usr/share/code/code,--type=zygote,--no-zygote-sandbox
x1b3d3ad,17388,0.0,0.2,34048628,46592,?,S,12:53,0:00,/usr/share/code/code,--type=zygote
x1b3d3ad,17391,0.0,0.0,34048656,11940,?,S,12:53,0:00,/usr/share/code/code,--type=zygote
x1b3d3ad,17405,0.0,0.0,33575880,3328,?,Sl,12:53,0:00,/usr/share/code/chrome_crashpad_handler,--monitor-self-annotation=ptype=crashpad-handler,--no-rate-limit,--database=/home/x1b3d3ad/.config/Code/Crashpad,--url=appcenter://code?aid=fba07a4d-84bd-4fc8-a125-9640fc8ce171&uid=a02c71bd-212c-406b-b3c6-b993afb04070&iid=a02c71bd-212c-406b-b3c6-b993afb04070&sid=a02c71bd-212c-406b-b3c6-b993afb04070,--annotation=_companyName=Microsoft,--annotation=_productName=VSCode,--annotation=_version=1.92.2,--annotation=lsb-release=Ubuntu,24.04.1,LTS,--annotation=plat=Linux,--annotation=prod=Electron,--annotation=ver=30.1.2,--initial-client-fd=46,--shared-client-connection
x1b3d3ad,17420,3.8,1.1,34537972,177600,?,Sl,12:53,0:49,/usr/share/code/code,--type=gpu-process,--crashpad-handler-pid=17405,--enable-crash-reporter=d1428ef5-bae9-4836-ba23-c3782220351e,no_channel,--user-data-dir=/home/x1b3d3ad/.config/Code,--gpu-preferences=WAAAAAAAAAAgAAAEAAAAAAAAAAAAAAAAAABgAAEAAAA4AAAAAAAAAAAAAAAAAAAAAAAAAAAAAAAAAAAAAAAAAAAAAAABAAAAGAAAAAAAAAAYAAAAAAAAAAgAAAAAAAAACAAAAAAAAAAIAAAAAAAAAA==,--shared-files,--field-trial-handle=3,i,14307570586452487388,14597577846417388787,262144,--enable-features=kWebSQLAccess,--disable-features=CalculateNativeWinOcclusion,SpareRendererForSitePerProcess,--variations-seed-version
x1b3d3ad,17428,0.1,0.4,33861392,67484,?,Sl,12:53,0:02,/usr/share/code/code,--type=utility,--utility-sub-type=network.mojom.NetworkService,--lang=en-US,--service-sandbox-type=none,--crashpad-handler-pid=17405,--enable-crash-reporter=d1428ef5-bae9-4836-ba23-c3782220351e,no_channel,--user-data-dir=/home/x1b3d3ad/.config/Code,--standard-schemes=vscode-webview,vscode-file,--enable-sandbox,--secure-schemes=vscode-webview,vscode-file,--cors-schemes=vscode-webview,vscode-file,--fetch-schemes=vscode-webview,vscode-file,--service-worker-schemes=vscode-webview,--code-cache-schemes=vscode-webview,vscode-file,--shared-files=v8_context_snapshot_data:100,--field-trial-handle=3,i,14307570586452487388,14597577846417388787,262144,--enable-features=kWebSQLAccess,--disable-features=CalculateNativeWinOcclusion,SpareRendererForSitePerProcess,--variations-seed-version
x1b3d3ad,17484,8.1,1.5,1189452876,237104,?,Sl,12:53,1:45,/usr/share/code/code,--type=renderer,--crashpad-handler-pid=17405,--enable-crash-reporter=d1428ef5-bae9-4836-ba23-c3782220351e,no_channel,--user-data-dir=/home/x1b3d3ad/.config/Code,--standard-schemes=vscode-webview,vscode-file,--enable-sandbox,--secure-schemes=vscode-webview,vscode-file,--cors-schemes=vscode-webview,vscode-file,--fetch-schemes=vscode-webview,vscode-file,--service-worker-schemes=vscode-webview,--code-cache-schemes=vscode-webview,vscode-file,--app-path=/usr/share/code/resources/app,--enable-sandbox,--enable-blink-features=HighlightAPI,--disable-blink-features=FontMatchingCTMigration,,--lang=en-US,--num-raster-threads=4,--enable-main-frame-before-activation,--renderer-client-id=4,--time-ticks-at-unix-epoch=-1727025268108802,--launch-time-ticks=5927987437,--shared-files=v8_context_snapshot_data:100,--field-trial-handle=3,i,14307570586452487388,14597577846417388787,262144,--enable-features=kWebSQLAccess,--disable-features=CalculateNativeWinOcclusion,SpareRendererForSitePerProcess,--variations-seed-version,--vscode-window-config=vscode:6ee38c18-5eff-4a57-b589-5b2588ab9a29
root,17519,0.0,0.0,0,0,?,I,12:53,0:00,[kworker/0:2-mm_percpu_wq]
x1b3d3ad,17523,6.5,3.6,1191221172,576180,?,Sl,12:53,1:24,/usr/share/code/code,--type=utility,--utility-sub-type=node.mojom.NodeService,--lang=en-US,--service-sandbox-type=none,--dns-result-order=ipv4first,--inspect-port=0,--crashpad-handler-pid=17405,--enable-crash-reporter=d1428ef5-bae9-4836-ba23-c3782220351e,no_channel,--user-data-dir=/home/x1b3d3ad/.config/Code,--standard-schemes=vscode-webview,vscode-file,--enable-sandbox,--secure-schemes=vscode-webview,vscode-file,--cors-schemes=vscode-webview,vscode-file,--fetch-schemes=vscode-webview,vscode-file,--service-worker-schemes=vscode-webview,--code-cache-schemes=vscode-webview,vscode-file,--shared-files=v8_context_snapshot_data:100,--field-trial-handle=3,i,14307570586452487388,14597577846417388787,262144,--enable-features=kWebSQLAccess,--disable-features=CalculateNativeWinOcclusion,SpareRendererForSitePerProcess,--variations-seed-version
x1b3d3ad,17539,1.2,0.8,1186885604,128648,?,Sl,12:53,0:15,/usr/share/code/code,--type=utility,--utility-sub-type=node.mojom.NodeService,--lang=en-US,--service-sandbox-type=none,--crashpad-handler-pid=17405,--enable-crash-reporter=d1428ef5-bae9-4836-ba23-c3782220351e,no_channel,--user-data-dir=/home/x1b3d3ad/.config/Code,--standard-schemes=vscode-webview,vscode-file,--enable-sandbox,--secure-schemes=vscode-webview,vscode-file,--cors-schemes=vscode-webview,vscode-file,--fetch-schemes=vscode-webview,vscode-file,--service-worker-schemes=vscode-webview,--code-cache-schemes=vscode-webview,vscode-file,--shared-files=v8_context_snapshot_data:100,--field-trial-handle=3,i,14307570586452487388,14597577846417388787,262144,--enable-features=kWebSQLAccess,--disable-features=CalculateNativeWinOcclusion,SpareRendererForSitePerProcess,--variations-seed-version
x1b3d3ad,17540,0.0,0.5,1186902548,91292,?,Sl,12:53,0:01,/usr/share/code/code,--type=utility,--utility-sub-type=node.mojom.NodeService,--lang=en-US,--service-sandbox-type=none,--crashpad-handler-pid=17405,--enable-crash-reporter=d1428ef5-bae9-4836-ba23-c3782220351e,no_channel,--user-data-dir=/home/x1b3d3ad/.config/Code,--standard-schemes=vscode-webview,vscode-file,--enable-sandbox,--secure-schemes=vscode-webview,vscode-file,--cors-schemes=vscode-webview,vscode-file,--fetch-schemes=vscode-webview,vscode-file,--service-worker-schemes=vscode-webview,--code-cache-schemes=vscode-webview,vscode-file,--shared-files=v8_context_snapshot_data:100,--field-trial-handle=3,i,14307570586452487388,14597577846417388787,262144,--enable-features=kWebSQLAccess,--disable-features=CalculateNativeWinOcclusion,SpareRendererForSitePerProcess,--variations-seed-version
x1b3d3ad,17580,0.3,0.6,1186894416,96808,?,Sl,12:53,0:04,/usr/share/code/code,--type=utility,--utility-sub-type=node.mojom.NodeService,--lang=en-US,--service-sandbox-type=none,--crashpad-handler-pid=17405,--enable-crash-reporter=d1428ef5-bae9-4836-ba23-c3782220351e,no_channel,--user-data-dir=/home/x1b3d3ad/.config/Code,--standard-schemes=vscode-webview,vscode-file,--enable-sandbox,--secure-schemes=vscode-webview,vscode-file,--cors-schemes=vscode-webview,vscode-file,--fetch-schemes=vscode-webview,vscode-file,--service-worker-schemes=vscode-webview,--code-cache-schemes=vscode-webview,vscode-file,--shared-files=v8_context_snapshot_data:100,--field-trial-handle=3,i,14307570586452487388,14597577846417388787,262144,--enable-features=kWebSQLAccess,--disable-features=CalculateNativeWinOcclusion,SpareRendererForSitePerProcess,--variations-seed-version
x1b3d3ad,17616,0.0,0.0,13036,6272,pts/1,Ss+,12:53,0:00,/usr/bin/bash,--init-file,/usr/share/code/resources/app/out/vs/workbench/contrib/terminal/browser/media/shellIntegration-bash.sh
x1b3d3ad,17719,3.6,0.7,1186848600,112588,?,Sl,12:53,0:46,/usr/share/code/code,/home/x1b3d3ad/.vscode/extensions/streetsidesoftware.code-spell-checker-3.0.1/packages/_server/dist/main.cjs,--node-ipc,--clientProcessId=17523
x1b3d3ad,17746,0.0,0.5,1186848600,79200,?,Sl,12:53,0:00,/usr/share/code/code,/home/x1b3d3ad/.vscode/extensions/bradlc.vscode-tailwindcss-0.12.10/dist/tailwindServer.js,--node-ipc,--clientProcessId=17523
x1b3d3ad,17887,0.0,0.4,1186815816,73324,?,Sl,12:53,0:00,/usr/share/code/code,/home/x1b3d3ad/.vscode/extensions/dbaeumer.vscode-eslint-3.0.10/server/out/eslintServer.js,--node-ipc,--clientProcessId=17523
x1b3d3ad,17901,0.0,0.4,1186815816,74828,?,Sl,12:53,0:00,/usr/share/code/code,/usr/share/code/resources/app/extensions/json-language-features/server/dist/node/jsonServerMain,--node-ipc,--clientProcessId=17523
x1b3d3ad,18089,0.0,0.0,8432,5888,?,S,12:53,0:00,/usr/bin/ssh-agent,-D,-a,/run/user/1000/keyring/.ssh
root,18107,0.0,0.0,0,0,?,I,12:53,0:00,[kworker/10:0-rcu_gp]
root,18441,0.0,0.0,0,0,?,I,12:54,0:00,[kworker/13:2-events]
x1b3d3ad,18503,6.0,1.7,2707072,270380,?,Sl,12:55,1:10,/snap/firefox/4793/usr/lib/firefox/firefox,-contentproc,-childID,37,-isForBrowser,-prefsLen,34884,-prefMapSize,261944,-jsInitLen,234852,-parentBuildID,20240819223648,-greomni,/snap/firefox/4793/usr/lib/firefox/omni.ja,-appomni,/snap/firefox/4793/usr/lib/firefox/browser/omni.ja,-appDir,/snap/firefox/4793/usr/lib/firefox/browser,{ebb17a0e-4947-4e88-a26d-cdf9b0ee3cf0},5019,true,tab
x1b3d3ad,18528,0.9,1.1,2541100,172784,?,Sl,12:55,0:10,/snap/firefox/4793/usr/lib/firefox/firefox,-contentproc,-childID,38,-isForBrowser,-prefsLen,34884,-prefMapSize,261944,-jsInitLen,234852,-parentBuildID,20240819223648,-greomni,/snap/firefox/4793/usr/lib/firefox/omni.ja,-appomni,/snap/firefox/4793/usr/lib/firefox/browser/omni.ja,-appDir,/snap/firefox/4793/usr/lib/firefox/browser,{fef98077-5590-4bc0-bc43-2b85b85bc7e9},5019,true,tab
x1b3d3ad,18892,0.0,0.4,2399364,77184,?,Sl,12:56,0:00,/snap/firefox/4793/usr/lib/firefox/firefox,-contentproc,-childID,39,-isForBrowser,-prefsLen,34884,-prefMapSize,261944,-jsInitLen,234852,-parentBuildID,20240819223648,-greomni,/snap/firefox/4793/usr/lib/firefox/omni.ja,-appomni,/snap/firefox/4793/usr/lib/firefox/browser/omni.ja,-appDir,/snap/firefox/4793/usr/lib/firefox/browser,{c6446b2c-8f4d-4a1e-86f2-b837a7dd1ff4},5019,true,tab
root,18941,0.0,0.0,0,0,?,I,12:56,0:00,[kworker/8:2-inet_frag_wq]
x1b3d3ad,18944,0.0,0.4,2399356,76800,?,Sl,12:57,0:00,/snap/firefox/4793/usr/lib/firefox/firefox,-contentproc,-childID,40,-isForBrowser,-prefsLen,34884,-prefMapSize,261944,-jsInitLen,234852,-parentBuildID,20240819223648,-greomni,/snap/firefox/4793/usr/lib/firefox/omni.ja,-appomni,/snap/firefox/4793/usr/lib/firefox/browser/omni.ja,-appDir,/snap/firefox/4793/usr/lib/firefox/browser,{16d11795-58f6-4c4e-af52-16f83b8a8567},5019,true,tab
root,19027,0.0,0.0,0,0,?,I,12:57,0:00,[kworker/11:2-cgroup_destroy]
root,19174,0.0,0.0,0,0,?,I,12:57,0:00,[kworker/2:2]
root,19354,0.0,0.0,0,0,?,I,12:58,0:00,[kworker/5:0]
x1b3d3ad,19400,0.0,0.1,31896,19200,?,S,12:58,0:00,/usr/bin/python3,/usr/bin/gnome-terminal,--wait
x1b3d3ad,19403,0.0,0.1,382824,28544,?,Sl,12:58,0:00,/usr/bin/gnome-terminal.real,--wait
x1b3d3ad,19407,0.3,0.3,845648,56984,?,Ssl,12:58,0:03,/usr/libexec/gnome-terminal-server
x1b3d3ad,19419,0.0,0.0,11396,5504,pts/0,Ss,12:58,0:00,bash
x1b3d3ad,19437,0.1,0.1,53376,30880,pts/0,Sl+,12:58,0:01,/usr/bin/python3,/home/x1b3d3ad/Desktop/CODING_Projects/TimerApp/timer_app/ktimer.py
root,19459,0.2,0.0,0,0,?,I,13:00,0:01,[kworker/u32:0-gfx_low]
root,19492,0.3,0.0,0,0,?,I,13:00,0:02,[kworker/u32:2-flush-259:0]
x1b3d3ad,19587,0.0,0.4,2399376,77056,?,Sl,13:03,0:00,/snap/firefox/4793/usr/lib/firefox/firefox,-contentproc,-childID,41,-isForBrowser,-prefsLen,34884,-prefMapSize,261944,-jsInitLen,234852,-parentBuildID,20240819223648,-greomni,/snap/firefox/4793/usr/lib/firefox/omni.ja,-appomni,/snap/firefox/4793/usr/lib/firefox/browser/omni.ja,-appDir,/snap/firefox/4793/usr/lib/firefox/browser,{0e6372c0-9d14-4748-bf78-de3ad73dac35},5019,true,tab
root,19800,0.0,0.0,0,0,?,I<,13:05,0:00,[kworker/u33:3-rtw89_tx_wq]
root,19816,0.0,0.0,0,0,?,I,13:05,0:00,[kworker/6:1-inet_frag_wq]
x1b3d3ad,19866,0.0,0.0,11528,5504,pts/2,Ss,13:06,0:00,bash
root,19988,0.0,0.0,0,0,?,I,13:09,0:00,[kworker/7:1]
root,20058,0.2,0.0,0,0,?,I,13:12,0:00,[kworker/u32:1-events_unbound]
root,20060,0.0,0.0,0,0,?,I<,13:12,0:00,[kworker/u33:0-rtw89_tx_wq]
root,20158,0.0,0.0,3212,1792,?,S,13:14,0:00,sleep,3600
x1b3d3ad,20160,0.0,0.0,13888,4736,pts/2,R+,13:14,0:00,ps,aux
x1b3d3ad,20161,0.0,0.0,8676,2432,pts/2,S+,13:14,0:00,less
